https://www.coollibri.com/,,/Infos/Contact
,,/devis-sur-mesure
,,/coollibri-pro
,,/MonCompte
,,/Infos/CGV
,,/politique-de-confidentialite
,,/Infos/qui-sommes-nous
,,/
,,tel:05 31 61 60 42
,,/imprimer-un-livre
,,/publier-son-roman
,,/imprimer-magazine-brochure
,,/imprimer-bande-dessinee
,,/reliure-spirale
,,/impression-livre-de-poche
,,/imprimer-livre-photos
,,/impression-manga
,,/creation-impression-marque-page-livre
,,/Infos/eBooks
,,/imprimer-un-livre
,,/bibliotheque-en-ligne
,,#
,,/conseils
,,/conseils#Creation
,,/conseils#MisePage
,,/conseils#Corrections
,,/conseils#Fabrication
,,/conseils#LesFormats
,,/conseils#LaReliure
,,/conseils#LesPapiers
,,/conseils#Difusion
,,/conseils#ISBN
,,/conseils#DepotLegal
,,/Infos/eBooks
,,/faq
,,/Infos/AideEnLigne
,,#
,,#
,,/publier-livre-en-ligne
,,/avantages-impression-livre
,,/MonCompte
,,/MonCompte/MesProjets
,,/Panier
,,/MonCompte
,,/publier-son-roman
,,/publier-son-roman
,,/publier-son-roman
,,/publier-son-roman
,,/Infos/Contact
,,/Infos/Contact
,,/publier-son-roman
,,/imprimer-livre-photos
,,/imprimer-magazine-brochure
,,/imprimer-bande-dessinee
,,/reliure-spirale
,,/reliure-spirale
,,/imprimer-un-livre
,,/imprimer-un-livre
,,/Infos/eBooks
,,/avantages-impression-livre#Depenses
,,/avantages-impression-livre#Analyses
,,/avantages-impression-livre#Couverture
,,https://www.coollibri.com/blog/5-auteurs-japonais-a-lire-absolument/
,,https://www.coollibri.com/blog/5-auteurs-japonais-a-lire-absolument/
,,https://www.coollibri.com/blog/5-auteurs-japonais-a-lire-absolument/
,,https://www.coollibri.com/blog
,,https://www.coollibri.com/blog/5-auteurs-japonais-a-lire-absolument/
,,https://www.coollibri.com/blog/12-grands-auteurs-de-la-litterature-italophone-des-cinquante-dernieres-annees/
,,https://www.coollibri.com/blog/12-grands-auteurs-de-la-litterature-italophone-des-cinquante-dernieres-annees/
,,https://www.coollibri.com/blog/12-grands-auteurs-de-la-litterature-italophone-des-cinquante-dernieres-annees/
,,https://www.coollibri.com/blog
,,https://www.coollibri.com/blog/12-grands-auteurs-de-la-litterature-italophone-des-cinquante-dernieres-annees/
,,https://www.coollibri.com/blog/comment-sortir-de-sa-zone-de-confort-pour-se-lancer-dans-lecriture-dun-roman/
,,https://www.coollibri.com/blog/comment-sortir-de-sa-zone-de-confort-pour-se-lancer-dans-lecriture-dun-roman/
,,https://www.coollibri.com/blog/comment-sortir-de-sa-zone-de-confort-pour-se-lancer-dans-lecriture-dun-roman/
,,https://www.coollibri.com/blog
,,https://www.coollibri.com/blog/comment-sortir-de-sa-zone-de-confort-pour-se-lancer-dans-lecriture-dun-roman/
,,https://www.coollibri.com/blog/5-exemples-de-livres-inspires-par-la-mer/
,,https://www.coollibri.com/blog/5-exemples-de-livres-inspires-par-la-mer/
,,https://www.coollibri.com/blog/5-exemples-de-livres-inspires-par-la-mer/
,,https://www.coollibri.com/blog
,,https://www.coollibri.com/blog/5-exemples-de-livres-inspires-par-la-mer/
,,https://www.coollibri.com/blog/les-meilleurs-romans-en-competition-pour-un-grand-prix-litteraire-de-la-rentree-2025/
,,https://www.coollibri.com/blog/les-meilleurs-romans-en-competition-pour-un-grand-prix-litteraire-de-la-rentree-2025/
,,https://www.coollibri.com/blog/les-meilleurs-romans-en-competition-pour-un-grand-prix-litteraire-de-la-rentree-2025/
,,https://www.coollibri.com/blog
,,https://www.coollibri.com/blog/les-meilleurs-romans-en-competition-pour-un-grand-prix-litteraire-de-la-rentree-2025/
,,https://www.coollibri.com/blog/selection-de-livres-a-lire-lete-et-apres/
,,https://www.coollibri.com/blog/selection-de-livres-a-lire-lete-et-apres/
,,https://www.coollibri.com/blog/selection-de-livres-a-lire-lete-et-apres/
,,https://www.coollibri.com/blog
,,https://www.coollibri.com/blog/selection-de-livres-a-lire-lete-et-apres/
,,https://www.coollibri.com/blog/6-autrices-classiques-de-la-litterature-francaise-du-xxeme-siecle/
,,https://www.coollibri.com/blog/6-autrices-classiques-de-la-litterature-francaise-du-xxeme-siecle/
,,https://www.coollibri.com/blog/6-autrices-classiques-de-la-litterature-francaise-du-xxeme-siecle/
,,https://www.coollibri.com/blog
,,https://www.coollibri.com/blog/6-autrices-classiques-de-la-litterature-francaise-du-xxeme-siecle/
,,https://www.coollibri.com/blog/quels-sont-les-10-meilleurs-auteurs-hispanophones-du-xxieme-siecle/
,,https://www.coollibri.com/blog/quels-sont-les-10-meilleurs-auteurs-hispanophones-du-xxieme-siecle/
,,https://www.coollibri.com/blog/quels-sont-les-10-meilleurs-auteurs-hispanophones-du-xxieme-siecle/
,,https://www.coollibri.com/blog
,,https://www.coollibri.com/blog/quels-sont-les-10-meilleurs-auteurs-hispanophones-du-xxieme-siecle/
,,https://www.coollibri.com/blog/comment-8-auteurs-ont-ete-inspires-par-le-tableau-dun-peintre-celebre/
,,https://www.coollibri.com/blog/comment-8-auteurs-ont-ete-inspires-par-le-tableau-dun-peintre-celebre/
,,https://www.coollibri.com/blog/comment-8-auteurs-ont-ete-inspires-par-le-tableau-dun-peintre-celebre/
,,https://www.coollibri.com/blog
,,https://www.coollibri.com/blog/comment-8-auteurs-ont-ete-inspires-par-le-tableau-dun-peintre-celebre/
,,https://www.coollibri.com/blog/le-dessin-comme-technique-decriture/
,,https://www.coollibri.com/blog/le-dessin-comme-technique-decriture/
,,https://www.coollibri.com/blog/le-dessin-comme-technique-decriture/
,,https://www.coollibri.com/blog
,,https://www.coollibri.com/blog/le-dessin-comme-technique-decriture/
,,/conseils
,,/Infos/qui-sommes-nous
,,/avantages-impression-livre
,,/Infos/CGV
,,/politique-de-confidentialite
,,/blog
,,/MonCompte/MesProjets
,,/MonCompte/MonProfil
,,/Infos/Contact
,,/avis-opinion-coollibri
,,/imprimer-un-livre
,,/publier-son-roman
,,/imprimer-livre-photos
,,/imprimer-magazine-brochure
,,/imprimer-bande-dessinee
,,/reliure-spirale
,,/impression-livre-de-poche
,,/creation-impression-marque-page-livre
,,/Infos/eBooks
,,/creation-couverture-roman
,,/impression-livre-de-cuisine
,,/impression-livre-genealogie
,,/impression-livret-de-formation
,,/impression-livret-de-messe-bapteme
,,/impression-livret-messe-mariage
,,/impression-livret-musee-art-exposition
,,/imprimer-dossier-magazine-tpe-1ere
,,/impression-manga
,,/publier-livre-en-ligne
,,/publier-livre-en-ligne#Publier
,,/publier-livre-en-ligne#PageAuteur
,,/publier-livre-en-ligne#Supports
,,/publier-livre-en-ligne#Publicite
,,https://www.coollibri.com/Content/images/kit-presse-coollibri.zip
,,/conseils
,,/conseils
,,/Infos/AideEnLigne
,,#
,,/faq
,,/conseils#Creation
,,/conseils#Fabrication
,,/conseils#Difusion
,,https://www.messages.fr/
,,https://www.facebook.com/CoolLibri
,,https://www.instagram.com/coollibri
,,https://www.tiktok.com/@coollibri.com
,,https://www.google.com/intl/de/chrome/browser/
,,http://windows.microsoft.com/de-ch/internet-explorer/download-ie
,,http://www.mozilla.org/de/firefox/new/#
,,/